URL Path,Resolved Canonical,Self-Canonicalizing,Canonical Host,Foreign Domain,Status
"/exam-specs/bpsc","https://www.sarkaripixels.online/exam-specs/bpsc","Yes","www.sarkaripixels.online","No",200 OK
"/exam-specs/bssc","https://www.sarkaripixels.online/exam-specs/bssc","Yes","www.sarkaripixels.online","No",200 OK
"/exam-specs/cheat-sheet","https://www.sarkaripixels.online/exam-specs/cheat-sheet","Yes","www.sarkaripixels.online","No",200 OK
"/exam-specs/ibps","https://www.sarkaripixels.online/exam-specs/ibps","Yes","www.sarkaripixels.online","No",200 OK
"/exam-specs/nta","https://www.sarkaripixels.online/exam-specs/nta","Yes","www.sarkaripixels.online","No",200 OK
"/exam-specs/pan","https://www.sarkaripixels.online/exam-specs/pan","Yes","www.sarkaripixels.online","No",200 OK
"/exam-specs/rrb","https://www.sarkaripixels.online/exam-specs/rrb","Yes","www.sarkaripixels.online","No",200 OK
"/exam-specs/ssc","https://www.sarkaripixels.online/exam-specs/ssc","Yes","www.sarkaripixels.online","No",200 OK
"/exam-specs/upsc","https://www.sarkaripixels.online/exam-specs/upsc","Yes","www.sarkaripixels.online","No",200 OK
"/exam-specs","https://www.sarkaripixels.online/exam-specs","Yes","www.sarkaripixels.online","No",200 OK
"/guides/bpsc-photo-signature-guide","https://www.sarkaripixels.online/guides/bpsc-photo-signature-guide","Yes","www.sarkaripixels.online","No",200 OK
"/guides/bssc-inter-level-photo","https://www.sarkaripixels.online/guides/bssc-inter-level-photo","Yes","www.sarkaripixels.online","No",200 OK
"/guides/compress-image-to-20kb","https://www.sarkaripixels.online/guides/compress-image-to-20kb","Yes","www.sarkaripixels.online","No",200 OK
"/guides/compress-photo-under-50kb","https://www.sarkaripixels.online/guides/compress-photo-under-50kb","Yes","www.sarkaripixels.online","No",200 OK
"/guides/convert-png-to-jpg-without-software","https://www.sarkaripixels.online/guides/convert-png-to-jpg-without-software","Yes","www.sarkaripixels.online","No",200 OK
"/guides/crop-signature-from-mobile-photo","https://www.sarkaripixels.online/guides/crop-signature-from-mobile-photo","Yes","www.sarkaripixels.online","No",200 OK
"/guides/ibps-photo-size-guide","https://www.sarkaripixels.online/guides/ibps-photo-size-guide","Yes","www.sarkaripixels.online","No",200 OK
"/guides/lic-aao-photo-requirements","https://www.sarkaripixels.online/guides/lic-aao-photo-requirements","Yes","www.sarkaripixels.online","No",200 OK
"/guides/navy-airforce-photo-slate","https://www.sarkaripixels.online/guides/navy-airforce-photo-slate","Yes","www.sarkaripixels.online","No",200 OK
"/guides/neet-photo-post-card-size","https://www.sarkaripixels.online/guides/neet-photo-post-card-size","Yes","www.sarkaripixels.online","No",200 OK
"/guides/pan-card-photo-dpi-300","https://www.sarkaripixels.online/guides/pan-card-photo-dpi-300","Yes","www.sarkaripixels.online","No",200 OK
"/guides/passport-photo-dimensions-cm-px","https://www.sarkaripixels.online/guides/passport-photo-dimensions-cm-px","Yes","www.sarkaripixels.online","No",200 OK
"/guides/photo-dpi-checker-online","https://www.sarkaripixels.online/guides/photo-dpi-checker-online","Yes","www.sarkaripixels.online","No",200 OK
"/guides/remove-background-passport-photo","https://www.sarkaripixels.online/guides/remove-background-passport-photo","Yes","www.sarkaripixels.online","No",200 OK
"/guides/resize-image-mobile-chrome","https://www.sarkaripixels.online/guides/resize-image-mobile-chrome","Yes","www.sarkaripixels.online","No",200 OK
"/guides/rrb-ntpc-photo-size","https://www.sarkaripixels.online/guides/rrb-ntpc-photo-size","Yes","www.sarkaripixels.online","No",200 OK
"/guides/sbi-clerk-photo-rejection","https://www.sarkaripixels.online/guides/sbi-clerk-photo-rejection","Yes","www.sarkaripixels.online","No",200 OK
"/guides/signature-resize-10-20kb","https://www.sarkaripixels.online/guides/signature-resize-10-20kb","Yes","www.sarkaripixels.online","No",200 OK
"/guides/ssc-cgl-photo-rejection","https://www.sarkaripixels.online/guides/ssc-cgl-photo-rejection","Yes","www.sarkaripixels.online","No",200 OK
"/guides/upsc-photo-requirements-2026","https://www.sarkaripixels.online/guides/upsc-photo-requirements-2026","Yes","www.sarkaripixels.online","No",200 OK
"/guides","https://www.sarkaripixels.online/guides","Yes","www.sarkaripixels.online","No",200 OK
"/","https://www.sarkaripixels.online","Yes","www.sarkaripixels.online","No",200 OK
"/page/about","https://www.sarkaripixels.online/page/about","Yes","www.sarkaripixels.online","No",200 OK
"/page/privacy","https://www.sarkaripixels.online/page/privacy","Yes","www.sarkaripixels.online","No",200 OK
"/page/sitemap","https://www.sarkaripixels.online/page/sitemap","Yes","www.sarkaripixels.online","No",200 OK
"/tool/add-border","https://www.sarkaripixels.online/tool/add-border","Yes","www.sarkaripixels.online","No",200 OK
"/tool/add-logo","https://www.sarkaripixels.online/tool/add-logo","Yes","www.sarkaripixels.online","No",200 OK
"/tool/add-name-dob","https://www.sarkaripixels.online/tool/add-name-dob","Yes","www.sarkaripixels.online","No",200 OK
"/tool/add-text","https://www.sarkaripixels.online/tool/add-text","Yes","www.sarkaripixels.online","No",200 OK
"/tool/add-white-border","https://www.sarkaripixels.online/tool/add-white-border","Yes","www.sarkaripixels.online","No",200 OK
"/tool/ai-face","https://www.sarkaripixels.online/tool/ai-face","Yes","www.sarkaripixels.online","No",200 OK
"/tool/beautify","https://www.sarkaripixels.online/tool/beautify","Yes","www.sarkaripixels.online","No",200 OK
"/tool/black-white","https://www.sarkaripixels.online/tool/black-white","Yes","www.sarkaripixels.online","No",200 OK
"/tool/blemish-remover","https://www.sarkaripixels.online/tool/blemish-remover","Yes","www.sarkaripixels.online","No",200 OK
"/tool/blur-bg","https://www.sarkaripixels.online/tool/blur-bg","Yes","www.sarkaripixels.online","No",200 OK
"/tool/blur-face","https://www.sarkaripixels.online/tool/blur-face","Yes","www.sarkaripixels.online","No",200 OK
"/tool/blur-image","https://www.sarkaripixels.online/tool/blur-image","Yes","www.sarkaripixels.online","No",200 OK
"/tool/censor-photo","https://www.sarkaripixels.online/tool/censor-photo","Yes","www.sarkaripixels.online","No",200 OK
"/tool/check-dpi","https://www.sarkaripixels.online/tool/check-dpi","Yes","www.sarkaripixels.online","No",200 OK
"/tool/circle-crop","https://www.sarkaripixels.online/tool/circle-crop","Yes","www.sarkaripixels.online","No",200 OK
"/tool/collage-maker","https://www.sarkaripixels.online/tool/collage-maker","Yes","www.sarkaripixels.online","No",200 OK
"/tool/color-picker","https://www.sarkaripixels.online/tool/color-picker","Yes","www.sarkaripixels.online","No",200 OK
"/tool/compress-10","https://www.sarkaripixels.online/tool/compress-10","Yes","www.sarkaripixels.online","No",200 OK
"/tool/compress-100","https://www.sarkaripixels.online/tool/compress-100","Yes","www.sarkaripixels.online","No",200 OK
"/tool/compress-15","https://www.sarkaripixels.online/tool/compress-15","Yes","www.sarkaripixels.online","No",200 OK
"/tool/compress-150","https://www.sarkaripixels.online/tool/compress-150","Yes","www.sarkaripixels.online","No",200 OK
"/tool/compress-1mb","https://www.sarkaripixels.online/tool/compress-1mb","Yes","www.sarkaripixels.online","No",200 OK
"/tool/compress-20-50","https://www.sarkaripixels.online/tool/compress-20-50","Yes","www.sarkaripixels.online","No",200 OK
"/tool/compress-20","https://www.sarkaripixels.online/tool/compress-20","Yes","www.sarkaripixels.online","No",200 OK
"/tool/compress-200","https://www.sarkaripixels.online/tool/compress-200","Yes","www.sarkaripixels.online","No",200 OK
"/tool/compress-25","https://www.sarkaripixels.online/tool/compress-25","Yes","www.sarkaripixels.online","No",200 OK
"/tool/compress-2mb","https://www.sarkaripixels.online/tool/compress-2mb","Yes","www.sarkaripixels.online","No",200 OK
"/tool/compress-30","https://www.sarkaripixels.online/tool/compress-30","Yes","www.sarkaripixels.online","No",200 OK
"/tool/compress-300","https://www.sarkaripixels.online/tool/compress-300","Yes","www.sarkaripixels.online","No",200 OK
"/tool/compress-40","https://www.sarkaripixels.online/tool/compress-40","Yes","www.sarkaripixels.online","No",200 OK
"/tool/compress-5","https://www.sarkaripixels.online/tool/compress-5","Yes","www.sarkaripixels.online","No",200 OK
"/tool/compress-50","https://www.sarkaripixels.online/tool/compress-50","Yes","www.sarkaripixels.online","No",200 OK
"/tool/compress-500","https://www.sarkaripixels.online/tool/compress-500","Yes","www.sarkaripixels.online","No",200 OK
"/tool/compress-general","https://www.sarkaripixels.online/tool/compress-general","Yes","www.sarkaripixels.online","No",200 OK
"/tool/compress-image","https://www.sarkaripixels.online/tool/compress-image","Yes","www.sarkaripixels.online","No",200 OK
"/tool/convert-dpi","https://www.sarkaripixels.online/tool/convert-dpi","Yes","www.sarkaripixels.online","No",200 OK
"/tool/convert-kb-to-mb","https://www.sarkaripixels.online/tool/convert-kb-to-mb","Yes","www.sarkaripixels.online","No",200 OK
"/tool/convert-mb-to-kb","https://www.sarkaripixels.online/tool/convert-mb-to-kb","Yes","www.sarkaripixels.online","No",200 OK
"/tool/crop-image","https://www.sarkaripixels.online/tool/crop-image","Yes","www.sarkaripixels.online","No",200 OK
"/tool/crop-png","https://www.sarkaripixels.online/tool/crop-png","Yes","www.sarkaripixels.online","No",200 OK
"/tool/edit-metadata","https://www.sarkaripixels.online/tool/edit-metadata","Yes","www.sarkaripixels.online","No",200 OK
"/tool/flip-image","https://www.sarkaripixels.online/tool/flip-image","Yes","www.sarkaripixels.online","No",200 OK
"/tool/free-crop","https://www.sarkaripixels.online/tool/free-crop","Yes","www.sarkaripixels.online","No",200 OK
"/tool/generate-signature","https://www.sarkaripixels.online/tool/generate-signature","Yes","www.sarkaripixels.online","No",200 OK
"/tool/grayscale","https://www.sarkaripixels.online/tool/grayscale","Yes","www.sarkaripixels.online","No",200 OK
"/tool/increase-kb","https://www.sarkaripixels.online/tool/increase-kb","Yes","www.sarkaripixels.online","No",200 OK
"/tool/increase-quality","https://www.sarkaripixels.online/tool/increase-quality","Yes","www.sarkaripixels.online","No",200 OK
"/tool/join-images","https://www.sarkaripixels.online/tool/join-images","Yes","www.sarkaripixels.online","No",200 OK
"/tool/jpg-to-kb","https://www.sarkaripixels.online/tool/jpg-to-kb","Yes","www.sarkaripixels.online","No",200 OK
"/tool/merge-photo-sig","https://www.sarkaripixels.online/tool/merge-photo-sig","Yes","www.sarkaripixels.online","No",200 OK
"/tool/motion-blur","https://www.sarkaripixels.online/tool/motion-blur","Yes","www.sarkaripixels.online","No",200 OK
"/tool/pan-card-resize","https://www.sarkaripixels.online/tool/pan-card-resize","Yes","www.sarkaripixels.online","No",200 OK
"/tool/pass-photo-sizes","https://www.sarkaripixels.online/tool/pass-photo-sizes","Yes","www.sarkaripixels.online","No",200 OK
"/tool/passport-maker","https://www.sarkaripixels.online/tool/passport-maker","Yes","www.sarkaripixels.online","No",200 OK
"/tool/photo-enhancer","https://www.sarkaripixels.online/tool/photo-enhancer","Yes","www.sarkaripixels.online","No",200 OK
"/tool/pixel-art","https://www.sarkaripixels.online/tool/pixel-art","Yes","www.sarkaripixels.online","No",200 OK
"/tool/pixelate-face","https://www.sarkaripixels.online/tool/pixelate-face","Yes","www.sarkaripixels.online","No",200 OK
"/tool/pixelate","https://www.sarkaripixels.online/tool/pixelate","Yes","www.sarkaripixels.online","No",200 OK
"/tool/psc-photo","https://www.sarkaripixels.online/tool/psc-photo","Yes","www.sarkaripixels.online","No",200 OK
"/tool/reduce-kb-general","https://www.sarkaripixels.online/tool/reduce-kb-general","Yes","www.sarkaripixels.online","No",200 OK
"/tool/reduce-kb","https://www.sarkaripixels.online/tool/reduce-kb","Yes","www.sarkaripixels.online","No",200 OK
"/tool/reduce-mb","https://www.sarkaripixels.online/tool/reduce-mb","Yes","www.sarkaripixels.online","No",200 OK
"/tool/remove-bg","https://www.sarkaripixels.online/tool/remove-bg","Yes","www.sarkaripixels.online","No",200 OK
"/tool/remove-metadata","https://www.sarkaripixels.online/tool/remove-metadata","Yes","www.sarkaripixels.online","No",200 OK
"/tool/remove-object","https://www.sarkaripixels.online/tool/remove-object","Yes","www.sarkaripixels.online","No",200 OK
"/tool/resize-2-2","https://www.sarkaripixels.online/tool/resize-2-2","Yes","www.sarkaripixels.online","No",200 OK
"/tool/resize-3-4","https://www.sarkaripixels.online/tool/resize-3-4","Yes","www.sarkaripixels.online","No",200 OK
"/tool/resize-35-45-mm","https://www.sarkaripixels.online/tool/resize-35-45-mm","Yes","www.sarkaripixels.online","No",200 OK
"/tool/resize-35-45","https://www.sarkaripixels.online/tool/resize-35-45","Yes","www.sarkaripixels.online","No",200 OK
"/tool/resize-4-6","https://www.sarkaripixels.online/tool/resize-4-6","Yes","www.sarkaripixels.online","No",200 OK
"/tool/resize-50-20","https://www.sarkaripixels.online/tool/resize-50-20","Yes","www.sarkaripixels.online","No",200 OK
"/tool/resize-600-600","https://www.sarkaripixels.online/tool/resize-600-600","Yes","www.sarkaripixels.online","No",200 OK
"/tool/resize-a4","https://www.sarkaripixels.online/tool/resize-a4","Yes","www.sarkaripixels.online","No",200 OK
"/tool/resize-cm","https://www.sarkaripixels.online/tool/resize-cm","Yes","www.sarkaripixels.online","No",200 OK
"/tool/resize-image","https://www.sarkaripixels.online/tool/resize-image","Yes","www.sarkaripixels.online","No",200 OK
"/tool/resize-pixel","https://www.sarkaripixels.online/tool/resize-pixel","Yes","www.sarkaripixels.online","No",200 OK
"/tool/resize-sign-35-45","https://www.sarkaripixels.online/tool/resize-sign-35-45","Yes","www.sarkaripixels.online","No",200 OK
"/tool/resize-sign-6-2","https://www.sarkaripixels.online/tool/resize-sign-6-2","Yes","www.sarkaripixels.online","No",200 OK
"/tool/resize-signature","https://www.sarkaripixels.online/tool/resize-signature","Yes","www.sarkaripixels.online","No",200 OK
"/tool/retouch","https://www.sarkaripixels.online/tool/retouch","Yes","www.sarkaripixels.online","No",200 OK
"/tool/rotate-image","https://www.sarkaripixels.online/tool/rotate-image","Yes","www.sarkaripixels.online","No",200 OK
"/tool/smart-resizer","https://www.sarkaripixels.online/tool/smart-resizer","Yes","www.sarkaripixels.online","No",200 OK
"/tool/split-image","https://www.sarkaripixels.online/tool/split-image","Yes","www.sarkaripixels.online","No",200 OK
"/tool/square-crop","https://www.sarkaripixels.online/tool/square-crop","Yes","www.sarkaripixels.online","No",200 OK
"/tool/ssc-photo","https://www.sarkaripixels.online/tool/ssc-photo","Yes","www.sarkaripixels.online","No",200 OK
"/tool/super-res","https://www.sarkaripixels.online/tool/super-res","Yes","www.sarkaripixels.online","No",200 OK
"/tool/unblur-face","https://www.sarkaripixels.online/tool/unblur-face","Yes","www.sarkaripixels.online","No",200 OK
"/tool/unblur","https://www.sarkaripixels.online/tool/unblur","Yes","www.sarkaripixels.online","No",200 OK
"/tool/upsc-photo-resize","https://www.sarkaripixels.online/tool/upsc-photo-resize","Yes","www.sarkaripixels.online","No",200 OK
"/tool/view-metadata","https://www.sarkaripixels.online/tool/view-metadata","Yes","www.sarkaripixels.online","No",200 OK
"/tool/watermark-image","https://www.sarkaripixels.online/tool/watermark-image","Yes","www.sarkaripixels.online","No",200 OK